id,EmpId,FirstName,LastName,EmailId,Password,Gender,Dob,Department,Designation,Address,Phonenumber,Status,RegDate,doj,adharno,pancardno,jntu_uid,aicteid
1,463,GAYATHRI,REDDY,tgayathri84@gmail.com,695e6fb502ecfb3f2636ba1a663e85a7,Female,12-08-1990,COMPUTER SCIENCE AND ENGINEERING,Assistant Professor,"Hyderabad,Telanagana",8074848401,1,06-12-2020 10:00,24-04-2015,807587187119,BCMPG6205N,6298-150424-121118,
2,605,SURESH ,GADDEBOINA,gsuresh726@gmail.com,c5f0f253d477b2a9d4a9f76d03113c36,Male,08-05-1991,COMPUTER SCIENCE AND ENGINEERING,Assistant Professor,"Hyderabad,Telanagana",9492334783,1,06-12-2020 10:00,17-02-2017,858330494740,BTLPG2646B,0107-170127-103404,
3,528,KOTA,HARINI,harinikota902@gmail.com,4685db7dc6f812addff4163cec6114cd,Female,16-02-1992,COMPUTER SCIENCE AND ENGINEERING,Assistant Professor,"Hyderabad,Telanagana",9652552518,1,06-12-2020 10:00,27-05-2016,885638481506,CIFPK1805A ,6531-160527-204240,
4,326,SAGAR BABU,PIDATHALA,sagarsanny@gmail.com,dce82beefaacd82e8522a7a00d0e6691,Male,01-07-1985,ELECTRONICS AND COMMUNICATION ENGINEERING,Assistant Professor,"Hyderabad,Telanagana",9494678834,1,06-12-2020 10:00,01-07-2013,478996024017,BHOPP1088F,73150405-132630,1-2202256539
5,360,RAVINDAR ,AMGOTH ,ravindaramgoth1@gmail.com,a62a9169726aa1b251b2feff8356a1ed,Male,23-08-1984,ELECTRONICS AND COMMUNICATION ENGINEERING,Assistant Professor,"Hyderabad,Telanagana",9985468852,1,06-12-2020 10:00,16-06-2014,947974248383,AUOPA2267R,02150406-101901,1-2303343000
6,270,RAJITHA,MANNEM,mvrajitha@gmail.com,d7e48f4131a01288d8322c5cf926ae64,Female,17-08-1983,ELECTRONICS AND COMMUNICATION ENGINEERING,Assistant Professor,"Hyderabad,Telanagana",7799449060,1,06-12-2020 10:00,15-06-2012,646737012953,AUAPM6361L,60150406-160447,
7,387,SHWETA,PAROPKARI,shweta@kmit.in,36121756d02682b4190ed01fd6eda0e3,Female,08-06-1987,HUMANITIES AND SCIENCES,Assistant Professor,"Hyderabad,Telanagana",9985792426,1,06-12-2020 10:00,16-06-2014,860458790661,AVRPP8296K,2315047-113126,
8,647,GORTI,V N K V SUBBARAO,gvnkvsubbarao@yahoo.com,6bc1800fc3bb3eaa0554dd3173f47f37,Male,26-07-1967,COMPUTER SCIENCE AND ENGINEERING,Associate Professor,"Hyderabad,Telanagana",8919152827,1,06-12-2020 10:00,05-09-2018,404963050562,BLTPS6806H,0791-150410-131235,
9,318,SRINIVAS RAO,ADABALA,srinivas.ada@gmail.com,39d432617a793995bf9b1eee79cb4834,Male,09-05-1984,COMPUTER SCIENCE AND ENGINEERING,Assistant Professor,"Hyderabad,Telanagana",9948249702,1,06-12-2020 10:00,27-06-2013,568669607336,APPPA1646C,84150405-121046,1-2202169039
10,207,CHAITANYA,DESHPANDE,chaitdesh2015@gmail.com,563fda7fd046e8179c7955c6b0eb330c,Male,25-04-1975,HUMANITIES AND SCIENCES,Assistant Professor,"Hyderabad,Telanagana",8125556545,1,06-12-2020 10:00,20-04-2014,417551943918,AEXPC1293E,3652-150410-114359,
11,363,SREE RAMA PRABHU,CHIVUKULA,csrprabhu@kmit.in,86275895a0d7439e6885db7948ee40b2,Male,24-05-1954,COMPUTER SCIENCE AND ENGINEERING,Professor,"Hyderabad,Telanagana",9550757350,1,06-12-2020 10:00,25-06-2014,733260710166,ADLPC8341C,329150409-130505,
12,262,YJVS,RAMAKRISHNA SHARMA,yjvs.ramakrishna@gmail.com,86eb2f61831f5e7b249ef1a55ff5e2e4,Male,17-02-1965,ELECTRONICS AND COMMUNICATION ENGINEERING,Associate Professor,"Hyderabad,Telanagana",9959746423,1,06-12-2020 10:00,21-06-2012,806726566382,AIBPR4201R,61150405-225858,11492922103
13,681,DR. SWAPNA,MEDIKONDA,nswapna.d@gmail.com,4eecb93602085ce4cd9e04971f03b8c3,Female,20-06-1981,COMPUTER SCIENCE AND ENGINEERING,Associate Professor,"Hyderabad,Telanagana",8886122032,1,06-12-2020 10:00,10-02-2020,657573851640,ASKPM9952B,9952-200125-154433,1-7350524448
14,564,SRIKANTH,G,srikanth.goala@gmail.com,a58a93af33cd80df64ef94ab2c871140,Male,14-11-1986,ELECTRONICS AND COMMUNICATION ENGINEERING,Assistant Professor,"Hyderabad,Telanagana",9553315933,1,06-12-2020 10:00,27-02-2016,888772953892,GEFPS1843G,1012-151216-104916,1-3357784508
15,598,NALLA ,JAGRUTHI CHAITHANYA ,jaagruthichaithanya@gmail.com,90a7e755618baae5026fd05dd6804251,Female,27-08-1988,HUMANITIES AND SCIENCES,Assistant Professor,"Hyderabad,Telanagana",9676922466,1,06-12-2020 10:00,04-01-2017,734368065568,AKAPN6653N,4648-170104-152109,
16,614,KOMIRA,YAKAIAH,yakhoo4u@gmail.com,bafe30caddedf2a04ac48a7aa1f57b7d,Male,15-02-1983,ELECTRONICS AND COMMUNICATION ENGINEERING,Assistant Professor,"Hyderabad,Telanagana",9948192143,1,06-12-2020 10:00,27-05-2017,413814473460,CZEPK2222D,8299-150408-125903,1-3554653509
17,668,RUPA,DEVI T,rupa.devi179@gmail.com,5fb2e5eef600424a9d2983996d18013d,Female,17-09-1987,COMPUTER SCIENCE AND ENGINEERING,Assistant Professor,"Hyderabad,Telanagana",9493388481,1,06-12-2020 10:00,16-12-2019,921148198129,AJRPT6754C,6754-191209-151705,
18,274,N L ,BHIKSHU,nlbhikshu@gmail.com,116e475c201cadf5cb55cab60481eb93,Male,28-07-1982,HUMANITIES AND SCIENCES,Assistant Professor,"Hyderabad,Telanagana",9885240645,1,06-12-2020 10:00,25-06-2012,509176654255,ALCPB3628E,93150407-101819,1-1464985793
19,524,V.ARCHANAREDDY,VUPPULA,vareddy.cse@gmail.com,cb2ca05ed4f031e54deab75fe1e55d85,Female,15-06-1985,COMPUTER SCIENCE AND ENGINEERING,Assistant Professor,"Hyderabad,Telanagana",9908360599,1,06-12-2020 10:00,27-05-2016,348953402006,AJHPV7367F,69150402-122321,
20,400,SUNDEEP BABU,CHALLA,sundeepchallakmit@gmail.com,fafa0d008bb5fd4013d91b7fc5ef35c2,Male,10-12-1989,COMPUTER SCIENCE AND ENGINEERING,Assistant Professor,"Hyderabad,Telanagana",8977290755,1,06-12-2020 10:00,27-12-2014,961507909457,AJBPC8739J,42150407-125256,1-2490611874
21,127,BONAGIR,DILIP KUMAR,dilip.kumar135@gmail.com,2d6069e77ae9e40c1fb0aca0dffea7ad,Male,19-07-1949,COMPUTER SCIENCE AND ENGINEERING,Assistant Professor,"Hyderabad,Telanagana",9963757316,1,06-12-2020 10:00,04-07-2011,915220131534,AFYPB4081M,0,
22,439,KIRANMAI,BEJJAM,kiranmaimtech@gmail.com,26b66624653b345d173c7545765d6328,Female,15-07-1985,COMPUTER SCIENCE AND ENGINEERING,Assistant Professor,"Hyderabad,Telanagana",9703349695,1,06-12-2020 10:00,05-05-2015,861082218429,BACPB4890G,1468150422-132056,12910812856
23,458,SUSHMA,KOMATI,sushmak23@gmail.com,1d8759f2147d2bda9b4e847f3a58f7e3,Female,23-10-1983,ELECTRONICS AND COMMUNICATION ENGINEERING,Assistant Professor,"Hyderabad,Telanagana",9701758708,1,06-12-2020 10:00,24-04-2015,584260470382,DNJPS9141H,87150405-102437,1-2911525099
24,291,K ANIL,KUMAR,anil5s999@gmail.com,fd78e643614d6481d5d83b9e38e3f97b,Male,10-06-1983,ELECTRONICS AND COMMUNICATION ENGINEERING,Assistant Professor,"Hyderabad,Telanagana",9441111699,1,06-12-2020 10:00,20-07-2012,610106470105,AXNPK0684N,50150406-095500,1-1498550953
25,438,JYOSHNA ,BEJJAM ,jyoshnabejjam@gmail.com,f09a3e45eb9b2b2706206632624f35c8,Female,30-05-1982,COMPUTER SCIENCE AND ENGINEERING,Assistant Professor,"Hyderabad,Telanagana",9866095035,1,06-12-2020 10:00,05-05-2015,260872669144,APNPB8527K,5000150422-132711,12915686298
26,577,DR.JULIAN SAVARI ANTONY,S,savari.sm@hmail.com,e946cf3dae21b3257a30cd4c6bde3727,Male,06-01-1983,ELECTRONICS AND COMMUNICATION ENGINEERING,Associate Professor,"Hyderabad,Telanagana",9751774188,1,06-12-2020 10:00,20-02-2017,807264995844,APLPJ4957M,8968-161217-114914,1-3357851673
27,335,DR.UDAYA,LAXMI,trudaya99@gmail.com,bd0b46a91e81adf72c3cb1b5aee47434,Female,28-11-1977,HUMANITIES AND SCIENCES,Assistant Professor,"Hyderabad,Telanagana",9949351088,1,06-12-2020 10:00,19-10-2013,217108236953,ANTPT8457C,3362150407-222638,1-2198359906
28,248,SHAKUNTALA,AGARWAL,agshakuntala@gmail.com,2e02286ef9c0d811bbe7b0f8f38f4817,Female,10-04-1950,HUMANITIES AND SCIENCES,Associate Professor,"Hyderabad,Telanagana",9866929181,1,06-12-2020 10:00,21-03-2012,258428193710,AAXPA2513R,43150407-122 554,
29,516,CHANDER ,NENAVATH ,chander.nenavath@gmail.com,292e57a635249b18e82bce89fdc5f2c1,Male,06-07-1988,COMPUTER SCIENCE AND ENGINEERING,Assistant Professor,"Hyderabad,Telanagana",9848683374,1,06-12-2020 10:00,27-05-2016,743951273215,AMRPN4305J ,39150402-145343,
30,532,KAMBALAPELLY,ANURADHA,anuradhakmit@gmail.com,dd556c8dad6e18e54ecc0065333bdac4,Female,14-01-1988,COMPUTER SCIENCE AND ENGINEERING,Assistant Professor,"Hyderabad,Telanagana",9160188591,1,06-12-2020 10:00,27-05-2016,235684734103,CXVPK9675F,07150407-120410,1-3300228763
31,579,THUMMANAPALLY,MANUSHA,manushathummanapally@gmail.com,c9bdf77c19802f945c13acfeadd058f7,Female,22-08-1991,ELECTRONICS AND COMMUNICATION ENGINEERING,Assistant Professor,"Hyderabad,Telanagana",9014617739,1,06-12-2020 10:00,24-12-2016,410480115122,AQDPT1523A,9596150512-210600,1-3357519985
32,392,LAXMINARSIMHA RAO,AAPURI,alnkalaraog@gmail.com,d0224216bc0c57f3ca588d3d65721062,Male,04-07-1978,HUMANITIES AND SCIENCES,Assistant Professor,"Hyderabad,Telanagana",8019675774,1,06-12-2020 10:00,04-12-2014,875318320236,AJOPA5312N,12150407-135312,1-424159191
33,9,RAMA ,LAKSHMI,ramalakshmi.kmit@gmail.com,65079244c0f89200a41f797473828dfc,Female,15-07-1972,HUMANITIES AND SCIENCES,Associate Professor,"Hyderabad,Telanagana",7842413334,1,06-12-2020 10:00,07-08-2009,634036750837,CCAPS9277B,75150407-001648,
34,640,SATEESH,RAVURI,sateeshravuri.2010@gmail.com,5731593c00487b0aa22e6710129f373c,Male,20-08-1981,HUMANITIES AND SCIENCES,Assistant Professor,"Hyderabad,Telanagana",7842409596,1,06-12-2020 10:00,30-07-2018,631111393499,ATIPR5079H,0914-160310-192328,1-4527091545
35,490,SAMUEL,CHEPURI,samuel4students@gmail.com,67a301d9459c3cd28b0c64e591038591,Male,12-04-1980,COMPUTER SCIENCE AND ENGINEERING,Assistant Professor,"Hyderabad,Telanagana",9177228292,1,06-12-2020 10:00,29-02-2016,708905980163,AIUPC3349J,23150401-141529,12910897958
36,359,CHAITANYA,GURRAM,gurram.chaitanya7@gmail.com,283be68b4d18f1141215074a890dca14,Female,25-08-1988,ELECTRONICS AND COMMUNICATION ENGINEERING,Assistant Professor,"Hyderabad,Telanagana",9676500162,1,06-12-2020 10:00,30-05-2014,853885945391,AXYPG8767B,13150406-114544,1-7368791641
37,457,BALAKRISHNA,PADMA,padma.balakrishna@gmail.com,325d19c1f9caf39f9d80bac26495ab0b,Male,11-07-1988,ELECTRONICS AND COMMUNICATION ENGINEERING,Assistant Professor,"Hyderabad,Telanagana",9160123421,1,06-12-2020 10:00,18-04-2015,378619715966,AYUPP2279E,9801-150426-135713,1-2914493718
38,275,A N SAI,CHAKRAVARTHY,sai_chakravarthi27@yahoo.co.in,dae715958cb22e83a69e71294a6d3f20,Male,27-04-1987,ELECTRONICS AND COMMUNICATION ENGINEERING,Assistant Professor,"Hyderabad,Telanagana",8019152919,1,06-12-2020 10:00,28-06-2012,497124894658,AZZPA8670Q,6742150425-173453,11493097581
39,288,RAJESH,KARANJI,rajesh.karanji1@gmail.com,4ba7e73a210b90dc7aca59bb0ae74ed8,Male,02-11-1983,ELECTRONICS AND COMMUNICATION ENGINEERING,Assistant Professor,"Hyderabad,Telanagana",9885741274,1,06-12-2020 10:00,12-07-2012,625889078820,CRIPK7203C,42150406-162206,1-1498551331
40,584,APARNA,GULLAPELLY,aparnag932012@gmail.com,403a9ecf73c92b9aa12ae1a202536714,Female,06-07-1985,COMPUTER SCIENCE AND ENGINEERING,Assistant Professor,"Hyderabad,Telanagana",8374375350,1,06-12-2020 10:00,22-12-2016,802238055139,AMYPG7191C,2766160223-164059,1-3550460927
41,352,SRINIVAS,MEKALA,srinivaskmit2014@gmail.com,092d81a3d74e02cd72f99afc71518af3,Male,20-04-1976,COMPUTER SCIENCE AND ENGINEERING,Assistant Professor,"Hyderabad,Telanagana",9885353797,1,06-12-2020 10:00,16-06-2014,880301888312,AXOPM1687J,23150405-193508,1-2493697665
42,570,MOHAMMED,ABDUL WAJEED,drwajeed1@gmail.com,2cb41b854d81f8d12cdfe10d62454d19,Male,06-10-1973,COMPUTER SCIENCE AND ENGINEERING,Associate Professor,"Hyderabad,Telanagana",9398132955,1,06-12-2020 10:00,13-02-2017,820402207559,APJPM4062Q,39150406-124038,1-3357252593
43,521,P SHANMUKHA,KUMAR,shanmukha6210@gmail.com,bd81f1c69aebb880b51b0687ba036557,Male,04-06-1990,COMPUTER SCIENCE AND ENGINEERING,Assistant Professor,"Hyderabad,Telanagana",9494739686,1,06-12-2020 10:00,27-05-2016,830648255128,CAKPK1732K,0480150422-112653,
44,418,MRS.SWETHA,T,swetha1032@gmail.com,b49590a3998066bf113850086d06ef36,Female,04-03-1983,ELECTRONICS INSTRUMENTATION ENGINEERING,Assistant Professor,"Hyderabad,Telanagana",9959621959,1,06-12-2020 10:00,01-05-2015,363950302099,CNJPS5772F,39150406-191623,ACEEC/staff selection/10/ECE/
45,649,SRINU,BHUKYA,srinu40@gmail.com,cc15d345d726346ab547dcc07e2ca2b4,Male,10-03-1983,ELECTRONICS INSTRUMENTATION ENGINEERING,Assistant Professor,"Hyderabad,Telanagana",8008060029,1,06-12-2020 10:00,15-12-2018,248233317866,BAMPB4415R,95150402-110343,1-2077530869
46,398,RATHAN KUMAR,CHENOORI,rathankumar505@gmail.com,83dada88dd6f5fcaa9e275c3c365c46a,Male,10-11-1986,COMPUTER SCIENCE AND ENGINEERING,Assistant Professor,"Hyderabad,Telanagana",9959949010,1,06-12-2020 10:00,29-12-2014,353851315613,ANLPC3290N,36150404-171937,1-2475902368
47,653,NASREEN,SULTANA,nasreens368@gmail.com,eb0c195229471cca59da80c5a30069a2,Female,06-09-1981,ELECTRONICS INSTRUMENTATION ENGINEERING,Assistant Professor,"Hyderabad,Telanagana",9160161082,1,06-12-2020 10:00,04-01-2019,330401066177,EALPS4758A,2325-190116-162356,1-4525569454
48,623,KISHORE BABU,DASARI,dasari2kishore@gmail.com,d915e8c8cfa873a56bb4d78ccc6a794f,Male,26-04-1983,COMPUTER SCIENCE AND ENGINEERING,Assistant Professor,"Hyderabad,Telanagana",9966309503,1,06-12-2020 10:00,13-11-2017,564079467058,AVXPB3811E,76150407-162530,1-3563715948
49,622,THAMATAM,VAMSIDAR  GOUD,vamshidhar.thamatam@gmail.com,bef32698f696f447ccbf5a3c8fa1f58c,Male,20-08-1984,HUMANITIES AND SCIENCES,Assistant Professor,"Hyderabad,Telanagana",9963499960,1,06-12-2020 10:00,10-11-2017,877312150836,AHGPT7788R,7894-160205-120944,
50,31,KRISHNA SUBRAMANYAM,GOMAVARAPU,gsubbu2@gmail.com,cadf547b1ef7676b3d5eb2f85cdeb208,Male,19-04-1983,COMPUTER SCIENCE AND ENGINEERING,Assistant Professor,"Hyderabad,Telanagana",9885270699,1,06-12-2020 10:00,01-06-2008,999093492025,ALLPG6419M,47150406-130646,
51,666,RAJASEKARAN,SUBRAMANIAN,rajasekarans@kmit.in,363ec5fe4295c3e7f4156470d185a23f,Male,29-11-1970,HUMANITIES AND SCIENCES,Professor,"Hyderabad,Telanagana",9677022804,1,06-12-2020 10:00,04-11-2019,492678343904,AIVPS9671E, 9671-191111-113942,
52,556,SANDHYA,REDDY,sandhyareddyb1981@gmail.com,f776e3d185e3e7b7bf6bae7e64251d0e,Female,08-09-1981,HUMANITIES AND SCIENCES,Assistant Professor,"Hyderabad,Telanagana",9000999263,1,06-12-2020 10:00,01-12-2016,832656733193,ajxpr3287j,4150404-172437,
53,635,GATTU,LAVANYA,gattulavanya07@gmail.com,4eb4ea5987f8b6d403f8426a3416a75c,Female,07-02-1987,HUMANITIES AND SCIENCES,Assistant Professor,"Hyderabad,Telanagana",9246394854,1,06-12-2020 10:00,12/1/0217,646586818726,ATLPG0856C,98150404-184959,1-3719604246
54,667,DEVIKARUBI,R,devikarubir@kmit.in,b700e189b4eff73d239f183b9abf6c93,Female,18-04-1974,HUMANITIES AND SCIENCES,Associate Professor,"Hyderabad,Telanagana",9344210631,1,06-12-2020 10:00,04-11-2019,332158129987,CIOPR6883G,00000000000,
55,615,Y SINGARAIAH,YAMBADI,ysingaraiah@gmail.com,d246b7ccd43d672c6a876dcdc57db793,Male,02-05-1977,ELECTRONICS INSTRUMENTATION ENGINEERING,Assistant Professor,"Hyderabad,Telanagana",8639539743,1,06-12-2020 10:00,27-05-2017,392062896879,ACFPY6888F,2487-150414-161444,1-3541234849
56,611,FATIMA,.,fatimasaba125@gmail.com,b02db6f0bbc34bbc06bb972c1aed7c25,Female,13-07-1992,ELECTRONICS INSTRUMENTATION ENGINEERING,Assistant Professor,"Hyderabad,Telanagana",8686818302,1,06-12-2020 10:00,16-03-2017,449363227012,ADNPF2924J,4174-170521-180606,
57,459,MERUGU,SWETHA,merugu.swethq@gmail.com,427af806afa96bd209727a3c04f276d9,Female,13-02-1992,COMPUTER SCIENCE AND ENGINEERING,Assistant Professor,"Hyderabad,Telanagana",8099997534,1,06-12-2020 10:00,20-04-2015,231434118210,CTAPM1043C,4199-150424-174802,1-2914473582
58,563,VIDYASAGAR,VIDAPU,vidyasagar548@gmail.com,a43ae7e8f38d877a1d4c4eb5ac04e9f2,Male,12-06-1986,COMPUTER SCIENCE AND ENGINEERING,Assistant Professor,"Hyderabad,Telanagana",9014510415,1,06-12-2020 10:00,13-02-2017,361264811347,AOVPV6509G,30150404-151508,1-2494540373
59,364,G NAGA SREE ,SUMA,nagasreesumag@gmail.com,425e7a787985cc2de2c8bb7fac591f3a,Female,07-07-1983,ELECTRONICS INSTRUMENTATION ENGINEERING,Assistant Professor,"Hyderabad,Telanagana",7842514399,1,06-12-2020 10:00,02-07-2014,407026956077,AQAPG0649P,30150406-153413,2202256819
60,367,DR. MOHD,RIYAZUDDIN,riyazuddin17@gmail.com,5ac5b4dc3ca400e8017ff96acf17d1a4,Male,17-05-1981,HUMANITIES AND SCIENCES,Assistant Professor,"Hyderabad,Telanagana",9491877747,1,06-12-2020 10:00,07-07-2014,908729520289,AKOPR9093G,89150407-083953,1-2481328777
61,73,SATHYANARAYANA,BUKKA,mr.bsatyam@gmail.com,541b17610e0d2217edd4a3c81bdd086d,Male,11-11-1982,COMPUTER SCIENCE AND ENGINEERING,Assistant Professor,"Hyderabad,Telanagana",9866921978,1,06-12-2020 10:00,01-06-2008,980657850415,AMLPB1245R,11150406-151423,1-422687389
62,641,HIMA BINDU SRI,S,bindu8829@gmail.com,fb508b11c527bdb27539e49017877e0d,Female,01-05-1982,COMPUTER SCIENCE AND ENGINEERING,Assistant Professor,"Hyderabad,Telanagana",8099908829,1,06-12-2020 10:00,01-01-2020,798975762029,ACIPH5712Q,0838-180416-185639,1-7350524123
63,643,RAJA ,SATHISH KUMAR,rsksjcetsathish@gmail.com,263662f486fa8580d5bd670bc8ed7de4,Male,15-12-1983,ELECTRONICS INSTRUMENTATION ENGINEERING,Assistant Professor,"Hyderabad,Telanagana",9553271895,1,06-12-2020 10:00,07-08-2018,859432365560,AYTPR4858C,2424-180820-124032,1-4527811434
64,494,MARIMGANTI,KIRAN KUMAR,kiran1071982@gmail.com,9f210778f6f68a0cc2fff02dc73eb379,Male,15-08-1983,ELECTRONICS INSTRUMENTATION ENGINEERING,Assistant Professor,"Hyderabad,Telanagana",9949557082,1,06-12-2020 10:00,04-03-2016,782246808019,AOGPM3355N,2601-150504-153704,
65,650,RATNA KUMAR,SINGAVARAPU,srk232@gmail.com,b5816c6fdd66fb4986e0802957cd0c02,Male,19-12-1985,ELECTRONICS INSTRUMENTATION ENGINEERING,Assistant Professor,"Hyderabad,Telanagana",8142208261,1,06-12-2020 10:00,15-12-2018,746459172256,DPOPS3912F,9825-150409-121630,1-4527536434
66,212,SWAPNA,BANDARI,swapna.bandari2424@gmail.com,18a74663f424102dad237b42c8b5457a,Female,24-01-1984,ELECTRONICS INSTRUMENTATION ENGINEERING,Assistant Professor,"Hyderabad,Telanagana",9849786017,1,06-12-2020 10:00,13-06-2011,239132276052,ARYPB9406A,53150404-202509,
67,340,GEETHA,P C,gethapc@gmail.com,7de000680cc96ca423acca27006eaca1,Female,31-07-1963,HUMANITIES AND SCIENCES,Assistant Professor,"Hyderabad,Telanagana",9849804374,1,06-12-2020 10:00,26-08-2013,730062656676,AJUPG0997R,82150407-161540,
68,263,K SIVA,RAMA KRISHNA,shivaram2p@gmail.com,c6e5111d23313670d6afe6bdd85d2876,Male,14-08-1979,INFORMATION TECHNOLOGY,Assistant Professor,"Hyderabad,Telanagana",9618260220,1,06-12-2020 10:00,25-06-2012,838263142868,AUDPK8282D,05150403-111448,1-1478673899
69,682,SWARAJYA LAXMI,S,swarajya.mns2216@gmail.com,191522a275e046433e131678b0330ac7,Female,15-08-1983,COMPUTER SCIENCE AND ENGINEERING,Assistant Professor,"Hyderabad,Telanagana",9848431693,1,06-12-2020 10:00,01-02-2020,244187598349,BNJPS9274D,3509-150409-183412,1- 7170 0341 2
70,607,BHARGAVI,KUMBHAM,bhargavikumbham@gmail.com,6e22be00d7e19102328880192987fe5a,Female,01-06-1974,INFORMATION TECHNOLOGY,Assistant Professor,"Hyderabad,Telanagana",9912544729,1,06-12-2020 10:00,20-02-2017,617118411830,ANJPB4237G ,1332-170201-103806,1-3544317358
71,214,BALAKRISHNA,USHAKOYALA,ubk1115@gmail.com,5dc8724ff1803f31875bec6efc8ccd97,Male,15-11-1980,HUMANITIES AND SCIENCES,Assistant Professor,"Hyderabad,Telanagana",8341204385,1,06-12-2020 10:00,11-07-2011,474249965002,ANTPB9494R,55150406-110547,1-799130808
72,646,NIKITHA,MOTURI,mnikitha24@gmail.com,36e7e45dc6084f95af37d71de3138ce3,Female,17-04-1995,INFORMATION TECHNOLOGY,Assistant Professor,"Hyderabad,Telanagana",8897384511,1,06-12-2020 10:00,01-01-2020,544098738626,FCCPM9147R,9481190117-102603,17350336936
73,509,ANANTHARAM,BANOTH,ananth502.ram@gmail.com,12c50c880233664009de24e1389f46ee,Male,24-03-1981,COMPUTER SCIENCE AND ENGINEERING,Associate Professor,"Hyderabad,Telanagana",9866830427,1,06-12-2020 10:00,27-05-2016,641242335846,AMGPB0566N,42150407-113239,1-3300772882
74,366,SARITHA,GORANTALA,sarithabalabhasker@gmail.com,ffa7944bdb60ae28dd77bf4b5486d510,Female,31-12-1983,HUMANITIES AND SCIENCES,Assistant Professor,"Hyderabad,Telanagana",9908567665,1,06-12-2020 10:00,02-07-2014,232799911968,BMYPP8895F,73150407-122729,
75,675,HIMABINDU,BANDU,bandu.himabindu4@gmail.com,41d34f87ae7e7e12437be3c891fb7130,Female,21-05-1993,INFORMATION TECHNOLOGY,Assistant Professor,"Hyderabad,Telanagana",6302258856,1,06-12-2020 10:00,01-02-2020,420954827547,AULPH4954P,4954200113-132545,1-7350524317
76,586,KESOJU,SAIRAM,sairam.kmit@gmail.com,7f7c1ab4278d586f0e2936aea416d9fe,Male,12-04-1989,COMPUTER SCIENCE AND ENGINEERING,Assistant Professor,"Hyderabad,Telanagana",9000649630,1,06-12-2020 10:00,02-01-2017,270049432500,CPFPK7219M,6639-150415-153902,1-3358579640
77,453,PAGADALA,VEERANJANEYULU,pagadalaveeru@gmail.com,1cb3632067680b995a91dbae77a4768a,Male,13-04-1991,COMPUTER SCIENCE AND ENGINEERING,Assistant Professor,"Hyderabad,Telanagana",9391591999,1,06-12-2020 10:00,24-04-2015,528077915846,CURPP4604G,2118-150426-113758,1-2914860390
78,571,HALEEMA,BUSHRA,cutebushra8@gmail.com,7ef57de0baf1ec8d531f893bb4d06bb5,Female,01-10-1991,COMPUTER SCIENCE AND ENGINEERING,Assistant Professor,"Hyderabad,Telanagana",9494870234,1,06-12-2020 10:00,06-12-2016,346710486487,BQDPB9294H,8760-161218-154432,1-3357763650
79,572,PADMAJA,S,bandupadmaja@gmail.com,aa5c6bfaa1f1160e693906373c73bd73,Female,11-11-1976,COMPUTER SCIENCE AND ENGINEERING,Assistant Professor,"Hyderabad,Telanagana",9848312890,1,06-12-2020 10:00,13-02-2017,435211428084,BMAPS9149H,4215-161223-144848,1-3545207993
80,228,MOHAMMED,YOUNUS,younusvvit@gmail.com,aaba4b1db88663a4325782123a68e8fa,Male,02-11-1980,HUMANITIES AND SCIENCES,Assistant Professor,"Hyderabad,Telanagana",9848317635,1,06-12-2020 10:00,12-09-2011,919996032776,ARUPM4698R,12150403-104239,1-799130802
81,69,PRAVEEN KUMAR, PATIL,praveenkumarpatil8@gmail.com,65d4b86edfd71599bd2ccae82512ee70,Male,15-06-1973,HUMANITIES AND SCIENCES,Associate Professor,"Hyderabad,Telanagana",9885940559,1,06-12-2020 10:00,12-10-2007,824784298523,AIGPP3903M,51150406-161758,1-422458095
82,224,T V APADMANABHA,SASTRY,ananthkmit@gmail.com,7dbf93782136e8ba314e0fb3bb30ed9d,Male,01-08-1968,HUMANITIES AND SCIENCES,Professor,"Hyderabad,Telanagana",9849802902,1,06-12-2020 10:00,02-09-2011,218398629866,AGCPT 0359F,24150 407-152155,1-799130985
83,525,KETHINENI,VENKATESWARLU,venkat0534@gmail.com,9d3efdee79a49f852f1132f86b31e2ba,Male,10-05-1992,COMPUTER SCIENCE AND ENGINEERING,Assistant Professor,"Hyderabad,Telanagana",9989659449,1,06-12-2020 10:00,27-05-2016,405106901259,DCCPK2715M,6571-160527-211841 ,
84,587,JOSYULA V S,SRINIVAS,srinivasjvs@gmail.com,02aaded5da3417b326db7f69e8e1bbb5,Male,30-08-1973,COMPUTER SCIENCE AND ENGINEERING,Associate Professor,"Hyderabad,Telanagana",9849966899,1,06-12-2020 10:00,30-12-2016,778607235458,AFEPJ8945G,1791150417-215632,1-3550063610
85,639,AJEET ,JAIN,ajeetjain.kmit@gmail.com,2b13d80d9e6cc1b032372ec04cec22ae,Male,08-10-1959,COMPUTER SCIENCE AND ENGINEERING,Assistant Professor,"Hyderabad,Telanagana",8897326858,1,06-12-2020 10:00,15-06-2018,642352158655,ABBPJ7465N,4898-150409-150843,
86,221,SRINIVAS,MANGIPUDI,msvrsrinivas@gmail.com,319c270efb7feef77591def6e33c333c,Male,04-06-1974,HUMANITIES AND SCIENCES,Associate Professor,"Hyderabad,Telanagana",9866561628,1,06-12-2020 10:00,01-08-2011,706619415847,ANUPM0537D,87150404-150120,1799131062
87,10,SHARMEELA,CHUNGI,sharmeela.chungi@gmail.com,05c0464fb606fff74f0beae91530bf2d,Female,05-09-1970,HUMANITIES AND SCIENCES,Assistant Professor,"Hyderabad,Telanagana",9885528826,1,06-12-2020 10:00,01-10-2007,764747195431,AJFPC9325G,66150407-130236,
88,595,FATHIMA ,PARVEEN ,fathimaparveen590@gmail.com,044ebebecd4c28d23e0d6c780de53ac9,Female,11-05-1983,HUMANITIES AND SCIENCES,Assistant Professor,"Hyderabad,Telanagana",9948892473,1,06-12-2020 10:00,24-02-2017,578357587446,ABHPF4310Q ,3356160217-185015,1-3357253394
89,332,GATTU,KUMAR  SRINIVASULU,gksrinivas11@gmail.com,c85ae77d348944fa498145b26b4df90d,Male,11-06-1975,HUMANITIES AND SCIENCES,Assistant Professor,"Hyderabad,Telanagana",9440453446,1,06-12-2020 10:00,30-09-2013,506125389992,AGRPG7075Q,78150407-160309,1-2198359901
90,585,MOPARTHI,CHANDANA,chandana22.m@gmail.com,b5588feb91e2199df19fc7f4b1b5ff89,Female,22-11-1990,INFORMATION TECHNOLOGY,Assistant Professor,"Hyderabad,Telanagana",9652361340,1,06-12-2020 10:00,13-02-2017,593082850520,AYRPC0617N,4122-161223-153120,
91,333,CHENNOJI,JANARDHAN,chennoji.janardhan@gmail.com,74cf200becb1254e9744e0ac6a958b27,Male,10-06-1980,HUMANITIES AND SCIENCES,Assistant Professor,"Hyderabad,Telanagana",9951311963,1,06-12-2020 10:00,30-09-2013,948708146194,ANMPC1347D,59150407-133907,1-2198373201
92,403,O RAGHAVENDRA,PRASAD,raghuorug@gmail.com,5a72fbc58dcfcf12a494a1387119fc62,Male,20-08-1978,HUMANITIES AND SCIENCES,Assistant Professor,"Hyderabad,Telanagana",9885794868,1,06-12-2020 10:00,10-11-2011,981838385936,AAWPO7636E,00150407-134857,1-799028256
93,260,SUSHANT,LOKHANDAY,sushaant@gmail.com,7dbe3a645ed5038acdc1be5d24788018,Male,21-08-1987,COMPUTER SCIENCE AND ENGINEERING,Assistant Professor,"Hyderabad,Telanagana",7036205506,1,06-12-2020 10:00,25-06-2012,567402013109,AFJPL6588G,62150405-200423,1-1487317756
94,445,CHARAN SINGH,T,charansingh@kmit.in,6927b76bf8a78fa232c1855a96aafbc2,Male,10-03-1988,COMPUTER SCIENCE AND ENGINEERING,Assistant Professor,"Hyderabad,Telanagana",9700023623,1,06-12-2020 10:00,20-04-2015,556325971489,DWCPS5533P,4394-150426-135335,1-2910856236
95,574,R.V.,GANDHI,ravegag@gmail.com,ce5eac0fc267ea76687fa9b529586479,Male,02-10-1982,COMPUTER SCIENCE AND ENGINEERING,Associate Professor,"Hyderabad,Telanagana",9849029917,1,06-12-2020 10:00,15-12-2016,890659833626,AXAPR0444E,4645160226-113225,
96,511,ALK,BILAHARI,bilahari89@gmail.com,82550505bf79e97fcd0101bf09dfd7b4,Male,21-10-1989,COMPUTER SCIENCE AND ENGINEERING,Assistant Professor,"Hyderabad,Telanagana",7702844461,1,06-12-2020 10:00,27-05-2016,380616978737,BOXPB8100C,20150404-101123,1-3300564227
97,562,A V,NAGIREDDY,nagireddykmit@gmail.com,9db33a302aadd074765e57b30828d70d,Male,05-07-1989,COMPUTER SCIENCE AND ENGINEERING,Assistant Professor,"Hyderabad,Telanagana",7989671309,1,06-12-2020 10:00,05-12-2016,347288428977,AOHPA9532Q,51150404-152919,1-2496066169
98,518,RATNAKAR BABU,MIKKILI,MRATNAKARBABU@GMAIL.COM,5ea766745b028d9da1137cf336c040df,Male,02-04-1983,COMPUTER SCIENCE AND ENGINEERING,Assistant Professor,"Hyderabad,Telanagana",8885576644,1,06-12-2020 10:00,27-05-2016,676305121820,BFBPM4643E,9826151229-092356,1-3302859857
99,358,VENKATRAMANA,BANKA,sirimalla.ramani@gmail.com,f3a17cf64129696566c1e0b4c101b528,Female,20-08-1984,COMPUTER SCIENCE AND ENGINEERING,Assistant Professor,"Hyderabad,Telanagana",9963963299,1,06-12-2020 10:00,16-06-2014,916674749773,Awjpb3247p,55150406-220257,
100,434,SABITHA,VALABOJU,sabitha2806@gmail.com,3d3ec5824116880562bbd9a91eef8489,Female,28-06-1989,COMPUTER SCIENCE AND ENGINEERING,Assistant Professor,"Hyderabad,Telanagana",9908844609,1,06-12-2020 10:00,20-04-2015,977928127904,AMLPV8276G,6865-150426-151930,1-2910563306
101,520,SHANKER,MACHA,shanker@kmit.in,9d4e740308390e872bfa3d71a2724275,Male,17-03-1991,COMPUTER SCIENCE AND ENGINEERING,Assistant Professor,"Hyderabad,Telanagana",6304161190,1,06-12-2020 10:00,27-05-2016,604148411454,FPGPS6232L,9853-150427-125224,1-3300931431
102,901,KEERTHI,MANCHIKANTI,keerthi1212@gmail.com,242b68b8d231bb55ab4c91bee05344fa,Female,11-06-1987,INFORMATION TECHNOLOGY,Assistant Professor,"Hyderabad,Telanagana",9989496999,1,06-12-2020 10:00,04-06-2019,529811424900,AUOPM0024A,84150407-162843,1-2301607269
103,119,SIRISHA,K L S,klssirisha@gmail.com,17cf28cec5f050ff3b12ecca837c956f,Female,25-02-1986,COMPUTER SCIENCE AND ENGINEERING,Assistant Professor,"Hyderabad,Telanagana",8897339068,1,06-12-2020 10:00,16-06-2014,590214121193,BQWPK7835E,13150406-050913,1421219831
104,137,HEMANGI ,JOSHI ,hemangij15@gmail.com,b7e97e5dfa3ac26c811a326264092da4,Female,15-08-1967,HUMANITIES AND SCIENCES,Assistant Professor,"Hyderabad,Telanagana",7702002124,1,06-12-2020 10:00,12-07-2011,259908356099,AIMPJ4305P ,40150407-010454,
105,690,NARA,NALINI,nalini.nara1@gmail.com,f35b0cfb5bdfcbe90eacf711242f3061,Female,24-09-1982,COMPUTER SCIENCE AND ENGINEERING,Assistant Professor,"Hyderabad,Telanagana",8985322122,1,06-12-2020 10:00,14-09-2020,784157119478,AGAPN3303R,84150404-101904,
106,496,MADHURI,CHINNAM,chinnam.madhuri@gmail.com,fb186af2dc1dbf1410c1199d51d785d0,Female,24-07-1989,COMPUTER SCIENCE AND ENGINEERING,Assistant Professor,"Hyderabad,Telanagana",9966889404,1,06-12-2020 10:00,08-03-2016,250423932268,AQLPC6652K,5085160307-133941,5085160307133941
107,596,SUDHA,NELLORE,sdkr.nlr@gmail.com,19213bbd30b557c6c9a6eaf7151223ee,Male,31-05-1991,INFORMATION TECHNOLOGY,Assistant Professor,"Hyderabad,Telanagana",9676636310,1,06-12-2020 10:00,13-02-2017,468181965250,ANTPN9448F,1330-170102-154744,1-3357578726
108,384,M.SHARADA,MANI,sharadamalapaka@gmail.com,8f3ed174a3e8c145fb5c5da5cb005dd1,Female,10-09-1971,HUMANITIES AND SCIENCES,Assistant Professor,"Hyderabad,Telanagana",9985289093,1,06-12-2020 10:00,08-09-2014,437936083429,DNYPS3661B,7979150407-205529,
109,296,SESHU,KUMAR,seshu@kmit.in,c5e22a2615a3ad106391cc669c9b6d71,Male,13-08-1965,COMPUTER SCIENCE AND ENGINEERING,Associate Professor,"Hyderabad,Telanagana",9848815572,1,06-12-2020 10:00,01-08-2012,912969578600,AFYPM2927H,92150406-110955,
110,568,MADUPATHI,SHAILAJA,aks.sweethome@gamil.com,4296e791de6caffe53ad825c1a003b35,Female,19-03-1982,COMPUTER SCIENCE AND ENGINEERING,Assistant Professor,"Hyderabad,Telanagana",9290103419,1,06-12-2020 10:00,13-02-2017,321545130879,"	AXLPM3183C","	8874-161218-133022",1-3545106435
111,672,HARIKA,JULURI,harikaj.kmit@gmail.com,25dee4c35f3994b02b56d8224552b5f5,Female,07-01-1984,COMPUTER SCIENCE AND ENGINEERING,Assistant Professor,"Hyderabad,Telanagana",9492195495,1,06-12-2020 10:00,02-01-2019,680844654813,ALRPK9366R,NA,
112,487,RAKESHREDDY,GURRALA,rrgurrala@gmail.com,a3962c4ad31194c9a671bebbc313c4a2,Male,12-05-1988,INFORMATION TECHNOLOGY,Assistant Professor,"Hyderabad,Telanagana",9959202303,1,06-12-2020 10:00,29-02-2016,775960283047,Axmpg5168l,9162160229-181811,123456789
113,689,ANIL KUMAR,BANTI,bantuanil064@gmail.com,9ffd3ba5e18693723b8cbe2935ff8a4c,Male,09-07-1990,COMPUTER SCIENCE AND ENGINEERING,Assistant Professor,"Hyderabad,Telanagana",8074337464,1,06-12-2020 10:00,01-10-2020,639187093506,CDIPB9046C,NA,NA
114,902,MADHURIKA ,BUDARAJU,budarajumadhurika@gmail.com,361c56b9c8696012e8e2a8aa9d46b854,Female,22-06-1987,COMPUTER SCIENCE AND ENGINEERING,Assistant Professor,"Hyderabad,Telanagana",9949672774,1,06-12-2020 10:00,02-01-2020,380168684240,BSNPM9051R,3684180419-165915,1-7350524434
115,550,CHAVALI ,SITA KAMESWARI ,sitakameshwari@kmit.in,f8ba7134648bb390240bf91d64701f40,Female,20-06-1974,COMPUTER SCIENCE AND ENGINEERING,Assistant Professor,"Hyderabad,Telanagana",9966800037,1,06-12-2020 10:00,01-12-2016,433864801805,AFSPC2495N,6967-161218-121516,1-3549985038
116,423,NARSIMLU,MADDURI,narsimlucs@gmail.com,935d739493e81a73917666e776087f8f,Male,10-04-1983,COMPUTER SCIENCE AND ENGINEERING,Assistant Professor,"Hyderabad,Telanagana",9948574074,1,06-12-2020 10:00,13-07-2015,934444480986,AHGPN5565Q,59150403-103340,
117,669,NEHA,KALIYA,neha.kaliya@gmail.com,f1a0a84d4360a9383ba848c7a5c2f760,Female,28-07-1993,COMPUTER SCIENCE AND ENGINEERING,Assistant Professor,"Hyderabad,Telanagana",9414555216,1,06-12-2020 10:00,12-12-2020,847984312365,CFOPK9898D,9898-190503-120036,
118,426,T V DIVYA,DIVYA,md2829@gmail.com,d3d7429e0d01340f53686ec345dbea78,Female,21-02-1985,COMPUTER SCIENCE AND ENGINEERING,Assistant Professor,"Hyderabad,Telanagana",9885559165,1,06-12-2020 10:00,24-04-2015,227130330585,AMEPD7613E,10150405-191147,
119,446,P,PAVANKUMAR,pavankumar.palla@gmail.com,d7208641d73d984f93cd5acbf7066ad5,Male,30-03-1984,COMPUTER SCIENCE AND ENGINEERING,Assistant Professor,"Hyderabad,Telanagana",8341338794,1,06-12-2020 10:00,24-04-2015,657577671677,CBDPP6448P,7149150426-114210,
120,406,VASANTHA,SV,s.v.vasantha@gmail.com,da996b67df5714ff0b6c033e811f4c02,Female,09-02-1981,COMPUTER SCIENCE AND ENGINEERING,Assistant Professor,"Hyderabad,Telanagana",9290004446,1,06-12-2020 10:00,12-01-2015,818418363025,BUIPS4752G,94150403-133940,
121,393,NAVEEN,KUMAR,navinkumar533@gmail.com,f27f1022ec990fcf6c13f9c56fe0df66,Male,05-06-1983,COMPUTER SCIENCE AND ENGINEERING,Assistant Professor,"Hyderabad,Telanagana",9553180018,1,06-12-2020 10:00,30-11-2014,653197729034,FAJPS6551L,75150405-201251,
122,594,PULIPATI,ZOHANNA,kesanapally.johanna@gmail.com,72c127b042f6a285098291a75e991787,Female,10-05-1986,INFORMATION TECHNOLOGY,Assistant Professor,"Hyderabad,Telanagana",8790382396,1,06-12-2020 10:00,09-01-2017,452288827984,CLOPP7300M,0678161231-161849,
123,561,VENKATESWARLU,GOLLA,g.venkatesh053@gmail.com,23bf6b08fc926076ee0d6014cec90e32,Male,10-09-1985,COMPUTER SCIENCE AND ENGINEERING,Assistant Professor,"Hyderabad,Telanagana",9492924540,1,06-12-2020 10:00,13-02-2017,375386298707,AODPV9825R,8386160309-123525,
124,319,THODETI,SPANDANA,tipput@gmail.com,d564a7f7dddda4105ac1a8a1b9197dec,Female,24-07-2014,COMPUTER SCIENCE AND ENGINEERING,Assistant Professor,"Hyderabad,Telanagana",9154905987,1,06-12-2020 10:00,24-07-2014,550562870427,AHKPT3123E,08150406-115127,
125,507,AGGADI,GNANESH,gnanesh.varma@gmail.com,2ce2d67cdef8f07021bb654b77234b9b,Male,06-05-1988,COMPUTER SCIENCE AND ENGINEERING,Assistant Professor,"Hyderabad,Telanagana",9640121380,1,06-12-2020 10:00,26-05-2016,604686058131,AVRPA1217D,07150402-125233,
126,628,SUMATHI RANI,MANUKONDA,suma.naidu9@gmail.com,b335fb041bfdd2b55a60117a53037420,Female,29-08-1986,COMPUTER SCIENCE AND ENGINEERING,Assistant Professor,"Hyderabad,Telanagana",9676477749,1,06-12-2020 10:00,10-11-2017,740923879644,AZBPM0846Q,2593-160303-142527, 1-3563536193
127,468,BODDU,MADHUKAR,madhu1537@gmai.com,c506401d5f6acf6af60ac9756879c7e7,Male,05-06-1987,COMPUTER SCIENCE AND ENGINEERING,Assistant Professor,"Hyderabad,Telanagana",8341049406,1,06-12-2020 10:00,20-04-2015,694681180673,BNAPB7111B,3498-150426-101055,1-2914456512 
128,322,ARSHIYA,BEGUM,arshk503@gmail.com,ae9fcb224df340c2ac60254f0c7e6579,Female,02-11-1982,COMPUTER SCIENCE AND ENGINEERING,Assistant Professor,"Hyderabad,Telanagana",9640780914,1,06-12-2020 10:00,17-06-2013,964477470536,AOOPM5664C,1618-150410-171909,1_2202216914
129,201,DR.G,NARENDER,narender@kmit.in,716eb336b77a50d1d042cf71d98ef1ea,Male,11-04-1977,COMPUTER SCIENCE AND ENGINEERING,Associate Professor,"Hyderabad,Telanagana",9848581944,1,06-12-2020 10:00,27-06-2011,927165720014,ATJPG6993Q,90150407-101404,
130,567,VAMSHI KRISHNA,PEDDURI,vamshikrish1990@gmail.com,e5bdaa682e71dbd2655738b1e7cbc8ea,Male,25-09-1990,COMPUTER SCIENCE AND ENGINEERING,Assistant Professor,"Hyderabad,Telanagana",9492909240,1,06-12-2020 10:00,05-12-2016,522923439651,CDTPP4124J,3605-161218-141042,1-3545409457
131,903,BOREDA ,VARSHA ,varsha5592@gmail.com,647b9e4dc0373876bd1e661d9810c592,Female,05-05-1992,COMPUTER SCIENCE AND ENGINEERING,Assistant Professor,"Hyderabad,Telanagana",9160229550,1,06-12-2020 10:00,02-02-2019,921696120978,BYNPB0227N,NA,NA
132,225,BILAKANTI ,MANASA,manasa.bilakanti@gmail.com,6200fcbd28f25abf349f345e89121db2,Female,03-02-1990,INFORMATION TECHNOLOGY,Assistant Professor,"Hyderabad,Telanagana",9392423509,1,06-12-2020 10:00,11-08-2011,990396145968,BTDPM1469E,42150406-120157,
133,608,KAILASHNATH ,KAMBLE,kailashkamble.kamble@gmail.com,982fce282d6ebf39117f185aeef23769,Male,01-08-1986,ELECTRONICS INSTRUMENTATION ENGINEERING,Assistant Professor,"Hyderabad,Telanagana",9886691091,1,06-12-2020 10:00,27-05-2017,322912089973,BBEPK8204N,NA,NA
134,13,SRIKANTH,REDDY,srikanthreddy.com@gmail.com,6cf04fa0c642203d00d1df6f046866aa,Male,17-12-1981,HUMANITIES AND SCIENCES,Assistant Professor,"Hyderabad,Telanagana",9550930350,1,06-12-2020 10:00,15-12-2009,501427622979,ATMPR4048J,7846-150410-180025,
135,544,BANURI,PRABHAVATHI DEVI,Prabhasuri@gmail.com,1d1d2e10b8fe4fd9f8eec05d677d35fb,Female,28-02-1982,ELECTRONICS AND COMMUNICATION ENGINEERING,Assistant Professor,"Hyderabad,Telanagana",8331021982,1,06-12-2020 10:00,18-07-2016,575111300283,ALFPB8151R,31150404-215301,1-457032321
136,566,SHINDE,GANGADHAR,shindegangadhar86@gmail.com,a1d3ceab5d87a31a4e5e937a02f2e882,Male,02-02-1986,ELECTRONICS AND COMMUNICATION ENGINEERING,Assistant Professor,"Hyderabad,Telanagana",9849909300,1,06-12-2020 10:00,20-02-2017,434746813860,DCWPS5831Q,56150405-151413,1-3357578529
137,685,TEJASWI GOUD,IRENI,tejaswi0992@gmail.com,1a0583f40dd9545173542c86a42fd424,Female,27-06-1992,COMPUTER SCIENCE AND ENGINEERING,Assistant Professor,"Hyderabad,Telanagana",9391655114,1,06-12-2020 10:00,03-10-2020,557600349999,AEBPI0287C,0,
138,630,VALLAMCHETTY,SREENIVASULU,dr.vslu@gmail.com,d72351d72d6bb50a545ebba1549c7fab,Male,09-04-1959,COMPUTER SCIENCE AND ENGINEERING,Associate Professor,"Hyderabad,Telanagana",9908990010,1,06-12-2020 10:00,18-12-2017,582736413113,AEOPV3460R,5118-170106-120828,"	 1-3669627133"
139,124,LINGALA AMARENDER,REDDY,ydder.lingala@gmail.com,9a20e3a51fc99f496b5e41e4ea6a6bf3,Male,10-03-1971,ELECTRONICS INSTRUMENTATION ENGINEERING,Associate Professor,"Hyderabad,Telanagana",9618453648,1,06-12-2020 10:00,24-05-2010,333354988226,ACYPL3606K,891 504 02-145250,1-7367235018
140,580,K SHIVA,PRASAD,kshivaprasad28031981@gmail.com,569e7be71a4e674557d80036086de31a,Male,10-06-1981,ELECTRONICS INSTRUMENTATION ENGINEERING,Assistant Professor,"Hyderabad,Telanagana",9398659107,1,06-12-2020 10:00,28-12-2016,252186498224,CGBPS5076B,25150404-152619,1-4880668917
141,557,K P J,PRADEEP,johnsondcs@gmail.com,c23d5259a55a3a465026bb9a76b67f8e,Male,09-05-1986,ELECTRONICS INSTRUMENTATION ENGINEERING,Associate Professor,"Hyderabad,Telanagana",9912132765,1,06-12-2020 10:00,24-11-2016,408891294262,BZTPK5947H,8003-161219-105150,1-4881379127
142,612,SUMALATHA,VANGARA,sumalatha2253@gmail.com,23398c18cfa848a862b9bed6b6cbc852,Female,22-10-1991,ELECTRONICS INSTRUMENTATION ENGINEERING,Assistant Professor,"Hyderabad,Telanagana",8106265355,1,06-12-2020 10:00,01-06-2017,298050604633,ARMPV5043P,0856-170521-172351,
143,125,PRIYANKA,SAXENA,priyankasaxena1188@gmail.com,0d69446e2612ab0e1d5b8b5a29a67d97,Female,01-01-1988,ELECTRONICS AND COMMUNICATION ENGINEERING,Assistant Professor,"Hyderabad,Telanagana",8790753606,1,06-12-2020 10:00,13-05-2010,727259993104,CPZPS5915N,67150406-000144,
144,569,KARIYA,RAJESH KUMAR,kariyarajesh11678@gmail.com,4ad9319059c69c9eadb855873fae48fc,Male,11-06-1978,HUMANITIES AND SCIENCES,Assistant Professor,"Hyderabad,Telanagana",9392413339,1,06-12-2020 10:00,18-02-2017,898734958677,APCPK4613C,8080150409-125046,1-412242607
145,342,SARITHA ,GONE,sarithachiluka4@gmail.com,903e9b0ef711f318a518c97c7512d6b9,Female,15-06-1977,HUMANITIES AND SCIENCES,Assistant Professor,"Hyderabad,Telanagana",8121471282,1,06-12-2020 10:00,12-12-2013,607279168001,FKUPS3376C,93150406-161145,
146,651,YALAKAPATI,LATHA,lathamist09@gmail.com,a2c8bc8762b1b6e9de2cf91b2fc328f7,Female,15-02-1979,ELECTRONICS AND COMMUNICATION ENGINEERING,Assistant Professor,"Hyderabad,Telanagana",9292305715,1,06-12-2020 10:00,17-12-2018,269855911222,AHPPY9616G,00,00
147,356,UDAI,KUDIKYALA,udaikumar@kmit.in,f2c90da81b969b8de9bbfc11e2c6b134,Male,19-05-2014,COMPUTER SCIENCE AND ENGINEERING,Professor,"Hyderabad,Telanagana",9490746398,1,06-12-2020 10:00,14-12-1969,305413669711,CKAPK6289F,04150407-044411,1-2203848368
148,642,HEMALATHA,KANCHANAPALLY,saihemalatha.k@gmail.com,43ccf6c072dd5ddf99cf4910b44c5d97,Female,13-09-1977,ELECTRONICS AND COMMUNICATION ENGINEERING,Assistant Professor,"Hyderabad,Telanagana",9553161672,1,06-12-2020 10:00,27-07-2018,287266246385,AVSPK9751D,0,0
149,385,SMITHA,BOBDE,smithabobde@gmail.com,5271644af9c753f5c9897819a2fb09ad,Female,25-04-1977,HUMANITIES AND SCIENCES,Assistant Professor,"Hyderabad,Telanagana",9951471428,1,06-12-2020 10:00,15-10-2014,559634284152,AKOPB5638H,70150407-164311,
